COUNTY_ID,COUNTY,TOWN_ID,TOWN,FLD01,FLD02,FLD03,FLD04,FLD05,FLD06,INFO_TIME
65000,新北市,65000010,板橋區,214316,0.34,155758,45594,12635,329,"108Y2S"
65000,新北市,65000020,三重區,152643,0.33,110755,33691,8013,184,"108Y2S"
65000,新北市,65000030,中和區,166853,0.35,118600,37860,9987,406,"108Y2S"
65000,新北市,65000040,永和區,91296,0.40,61815,22915,6188,378,"108Y2S"
65000,新北市,65000050,新莊區,157067,0.27,122130,27492,7268,177,"108Y2S"
65000,新北市,65000060,新店區,128590,0.37,89863,30281,7868,578,"108Y2S"
65000,新北市,65000070,樹林區,67034,0.28,51401,12341,3226,66,"108Y2S"
65000,新北市,65000080,鶯歌區,30745,0.30,23256,5864,1592,33,"108Y2S"
65000,新北市,65000090,三峽區,43732,0.28,33664,8083,1905,80,"108Y2S"
65000,新北市,65000100,淡水區,79154,0.29,60270,14962,3712,210,"108Y2S"
65000,新北市,65000110,汐止區,89019,0.28,68480,16679,3688,172,"108Y2S"
65000,新北市,65000120,瑞芳區,16131,0.40,10672,4424,1004,31,"108Y2S"
65000,新北市,65000130,土城區,87703,0.27,68358,15515,3749,81,"108Y2S"
65000,新北市,65000140,蘆洲區,72183,0.26,56828,12264,3023,68,"108Y2S"
65000,新北市,65000150,五股區,33232,0.26,25880,5985,1340,27,"108Y2S"
65000,新北市,65000160,泰山區,28739,0.28,22110,5204,1404,21,"108Y2S"
65000,新北市,65000170,林口區,45552,0.24,36721,6899,1835,97,"108Y2S"
65000,新北市,65000180,深坑區,9681,0.31,7184,2002,469,26,"108Y2S"
65000,新北市,65000190,石碇區,3407,0.45,2091,1104,206,6,"108Y2S"
65000,新北市,65000200,坪林區,2537,0.62,1342,892,277,26,"108Y2S"
65000,新北市,65000210,三芝區,9518,0.38,6458,2492,546,22,"108Y2S"
65000,新北市,65000220,石門區,4307,0.43,2797,1179,310,21,"108Y2S"
65000,新北市,65000230,八里區,15104,0.29,11520,2866,688,30,"108Y2S"
65000,新北市,65000240,平溪區,2282,0.56,1188,925,165,4,"108Y2S"
65000,新北市,65000250,雙溪區,3789,0.57,1992,1463,318,16,"108Y2S"
65000,新北市,65000260,貢寮區,4344,0.57,2359,1527,419,39,"108Y2S"
65000,新北市,65000270,金山區,7137,0.44,4580,1998,529,30,"108Y2S"
65000,新北市,65000280,萬里區,7510,0.49,4691,2217,571,31,"108Y2S"
65000,新北市,65000290,烏來區,1905,0.41,1287,465,141,12,"108Y2S"
63000,臺北市,63000010,松山區,81275,0.44,53414,20427,6790,644,"108Y2S"
63000,臺北市,63000020,信義區,89398,0.43,58575,23422,6939,462,"108Y2S"
63000,臺北市,63000030,大安區,121562,0.48,77593,31916,10781,1272,"108Y2S"
63000,臺北市,63000040,中山區,100509,0.38,69258,24685,6093,473,"108Y2S"
63000,臺北市,63000050,中正區,65513,0.40,44440,16214,4442,417,"108Y2S"
63000,臺北市,63000060,大同區,51842,0.40,34812,13584,3206,240,"108Y2S"
63000,臺北市,63000070,萬華區,79135,0.42,51490,22184,5150,311,"108Y2S"
63000,臺北市,63000080,文山區,107145,0.37,75612,24224,6864,445,"108Y2S"
63000,臺北市,63000090,南港區,47442,0.36,33488,10924,2898,132,"108Y2S"
63000,臺北市,63000100,內湖區,109221,0.30,82283,21006,5595,337,"108Y2S"
63000,臺北市,63000110,士林區,107948,0.44,70962,27768,8658,560,"108Y2S"
63000,臺北市,63000120,北投區,97733,0.40,67101,23314,6908,410,"108Y2S"
68000,桃園市,68000010,桃園區,171856,0.27,134232,29212,8150,262,"108Y2S"
68000,桃園市,68000020,中壢區,155473,0.29,119112,28061,8060,240,"108Y2S"
68000,桃園市,68000100,平鎮區,79294,0.29,60644,14384,4189,77,"108Y2S"
68000,桃園市,68000080,八德區,73546,0.29,56588,13229,3655,74,"108Y2S"
68000,桃園市,68000040,楊梅區,60452,0.29,46330,10753,3301,68,"108Y2S"
68000,桃園市,68000030,大溪區,33223,0.36,23510,7464,2179,70,"108Y2S"
68000,桃園市,68000050,蘆竹區,60064,0.24,48324,9076,2572,92,"108Y2S"
68000,桃園市,68000060,大園區,34500,0.28,26493,6392,1570,45,"108Y2S"
68000,桃園市,68000070,龜山區,63547,0.27,49249,11486,2722,90,"108Y2S"
68000,桃園市,68000090,龍潭區,42970,0.33,31489,8718,2684,79,"108Y2S"
68000,桃園市,68000110,新屋區,16749,0.46,10707,4456,1536,50,"108Y2S"
68000,桃園市,68000120,觀音區,23724,0.33,17506,4754,1403,61,"108Y2S"
68000,桃園市,68000130,復興區,3850,0.34,2718,945,180,7,"108Y2S"
66000,臺中市,66000010,中區,7965,0.39,5459,1995,470,41,"108Y2S"
66000,臺中市,66000020,東區,28458,0.36,20091,6464,1837,66,"108Y2S"
66000,臺中市,66000030,南區,49394,0.27,38792,8123,2406,73,"108Y2S"
66000,臺中市,66000040,西區,46008,0.35,33257,9658,2968,125,"108Y2S"
66000,臺中市,66000050,北區,60023,0.34,43531,12782,3577,133,"108Y2S"
66000,臺中市,66000060,西屯區,87939,0.25,70461,13429,3930,119,"108Y2S"
66000,臺中市,66000070,南屯區,64283,0.23,52417,9015,2769,82,"108Y2S"
66000,臺中市,66000080,北屯區,103810,0.28,80684,17484,5476,166,"108Y2S"
66000,臺中市,66000090,豐原區,54551,0.38,38284,11724,4424,119,"108Y2S"
66000,臺中市,66000100,東勢區,17418,0.52,10365,5163,1854,36,"108Y2S"
66000,臺中市,66000110,大甲區,23422,0.42,15885,5374,2122,41,"108Y2S"
66000,臺中市,66000120,清水區,28286,0.41,19414,6273,2531,68,"108Y2S"
66000,臺中市,66000130,沙鹿區,30515,0.31,23082,5385,2007,41,"108Y2S"
66000,臺中市,66000140,梧棲區,18487,0.33,13738,3415,1313,21,"108Y2S"
66000,臺中市,66000150,后里區,16586,0.44,10938,4126,1482,40,"108Y2S"
66000,臺中市,66000160,神岡區,19877,0.39,13830,4346,1665,36,"108Y2S"
66000,臺中市,66000170,潭子區,37044,0.29,28442,6495,2076,31,"108Y2S"
66000,臺中市,66000180,大雅區,30218,0.28,23417,5235,1539,27,"108Y2S"
66000,臺中市,66000190,新社區,7624,0.57,4325,2297,974,28,"108Y2S"
66000,臺中市,66000200,石岡區,4905,0.50,2956,1461,475,13,"108Y2S"
66000,臺中市,66000210,外埔區,9888,0.41,6687,2356,827,18,"108Y2S"
66000,臺中市,66000220,大安區,5565,0.54,3352,1452,740,21,"108Y2S"
66000,臺中市,66000230,烏日區,25428,0.33,18827,4878,1683,40,"108Y2S"
66000,臺中市,66000240,大肚區,17957,0.39,12603,3759,1568,27,"108Y2S"
66000,臺中市,66000250,龍井區,23636,0.33,17534,4353,1699,50,"108Y2S"
66000,臺中市,66000260,霧峰區,20551,0.43,13722,4972,1807,50,"108Y2S"
66000,臺中市,66000270,太平區,66242,0.30,50293,12358,3529,62,"108Y2S"
66000,臺中市,66000280,大里區,71000,0.28,54775,12386,3771,68,"108Y2S"
66000,臺中市,66000290,和平區,4589,0.37,3148,1211,228,2,"108Y2S"
67000,臺南市,67000010,新營區,29152,0.40,19778,7211,2116,47,"108Y2S"
67000,臺南市,67000020,鹽水區,10070,0.46,6280,2923,847,20,"108Y2S"
67000,臺南市,67000030,白河區,10770,0.60,5757,3682,1296,35,"108Y2S"
67000,臺南市,67000040,柳營區,7979,0.51,4714,2460,787,18,"108Y2S"
67000,臺南市,67000050,後壁區,8774,0.62,4507,3126,1105,36,"108Y2S"
67000,臺南市,67000060,東山區,8301,0.55,4555,2924,805,17,"108Y2S"
67000,臺南市,67000070,麻豆區,15894,0.49,9845,4429,1573,47,"108Y2S"
67000,臺南市,67000080,下營區,9134,0.51,5380,2862,877,15,"108Y2S"
67000,臺南市,67000090,六甲區,7823,0.48,4815,2255,736,17,"108Y2S"
67000,臺南市,67000100,官田區,8025,0.43,5245,2142,627,11,"108Y2S"
67000,臺南市,67000110,大內區,3790,0.59,2016,1325,437,12,"108Y2S"
67000,臺南市,67000120,佳里區,21006,0.41,14165,5108,1700,33,"108Y2S"
67000,臺南市,67000130,學甲區,9660,0.43,6189,2763,699,9,"108Y2S"
67000,臺南市,67000140,西港區,8274,0.46,5313,2125,814,22,"108Y2S"
67000,臺南市,67000150,七股區,8016,0.53,4673,2501,808,34,"108Y2S"
67000,臺南市,67000160,將軍區,7281,0.53,4246,2222,788,25,"108Y2S"
67000,臺南市,67000170,北門區,4223,0.45,2634,1305,272,12,"108Y2S"
67000,臺南市,67000180,新化區,14547,0.45,9432,3726,1360,29,"108Y2S"
67000,臺南市,67000190,善化區,18546,0.36,13251,3870,1396,29,"108Y2S"
67000,臺南市,67000200,新市區,12801,0.34,9379,2552,851,19,"108Y2S"
67000,臺南市,67000210,安定區,10297,0.41,6969,2488,815,25,"108Y2S"
67000,臺南市,67000220,山上區,2716,0.52,1595,824,294,3,"108Y2S"
67000,臺南市,67000230,玉井區,5159,0.56,2906,1656,577,20,"108Y2S"
67000,臺南市,67000240,楠西區,3502,0.58,1915,1137,444,6,"108Y2S"
67000,臺南市,67000250,南化區,2851,0.64,1482,941,408,20,"108Y2S"
67000,臺南市,67000260,左鎮區,1941,0.64,956,743,234,8,"108Y2S"
67000,臺南市,67000270,仁德區,28143,0.35,20280,6040,1790,33,"108Y2S"
67000,臺南市,67000280,歸仁區,22911,0.35,16641,4658,1576,36,"108Y2S"
67000,臺南市,67000290,關廟區,11311,0.50,6889,3160,1238,24,"108Y2S"
67000,臺南市,67000300,龍崎區,1531,0.64,786,517,214,14,"108Y2S"
67000,臺南市,67000310,永康區,86160,0.26,67778,14444,3876,62,"108Y2S"
67000,臺南市,67000320,東區,72461,0.33,53407,14477,4444,133,"108Y2S"
67000,臺南市,67000330,南區,46555,0.41,31468,11330,3657,100,"108Y2S"
67000,臺南市,67000340,北區,51386,0.36,36603,11395,3307,81,"108Y2S"
67000,臺南市,67000350,安南區,64513,0.30,49077,11714,3637,85,"108Y2S"
67000,臺南市,67000360,安平區,26275,0.25,20886,4248,1120,21,"108Y2S"
67000,臺南市,67000370,中西區,31926,0.41,21346,8112,2345,123,"108Y2S"
64000,高雄市,64000010,鹽埕區,10891,0.45,6854,3228,762,47,"108Y2S"
64000,高雄市,64000020,鼓山區,59171,0.32,43885,12010,3154,122,"108Y2S"
64000,高雄市,64000030,左營區,79889,0.29,60854,15190,3718,127,"108Y2S"
64000,高雄市,64000040,楠梓區,73009,0.28,56480,12944,3501,84,"108Y2S"
64000,高雄市,64000050,三民區,137470,0.35,98987,29486,8788,209,"108Y2S"
64000,高雄市,64000060,新興區,23144,0.44,14998,6316,1737,93,"108Y2S"
64000,高雄市,64000070,前金區,12806,0.44,8217,3559,980,50,"108Y2S"
64000,高雄市,64000080,苓雅區,72552,0.42,48066,18751,5575,160,"108Y2S"
64000,高雄市,64000090,前鎮區,79106,0.36,55535,18490,4982,99,"108Y2S"
64000,高雄市,64000100,旗津區,11114,0.38,7688,2711,691,24,"108Y2S"
64000,高雄市,64000110,小港區,68914,0.26,54154,11660,3049,51,"108Y2S"
64000,高雄市,64000120,鳳山區,142841,0.31,106565,28315,7843,118,"108Y2S"
64000,高雄市,64000130,林園區,26268,0.33,19251,5416,1559,42,"108Y2S"
64000,高雄市,64000140,大寮區,42783,0.33,31376,8898,2478,31,"108Y2S"
64000,高雄市,64000150,大樹區,13713,0.48,8577,3789,1317,30,"108Y2S"
64000,高雄市,64000160,大社區,13197,0.34,9619,2722,843,13,"108Y2S"
64000,高雄市,64000170,仁武區,35043,0.27,27434,5946,1633,30,"108Y2S"
64000,高雄市,64000180,鳥松區,18911,0.34,13648,4041,1190,32,"108Y2S"
64000,高雄市,64000190,岡山區,35319,0.36,25004,7877,2366,72,"108Y2S"
64000,高雄市,64000200,橋頭區,14147,0.41,9546,3474,1105,22,"108Y2S"
64000,高雄市,64000210,燕巢區,10697,0.43,7296,2457,900,44,"108Y2S"
64000,高雄市,64000220,田寮區,3209,0.59,1711,1127,360,11,"108Y2S"
64000,高雄市,64000230,阿蓮區,9396,0.43,6174,2423,780,19,"108Y2S"
64000,高雄市,64000240,路竹區,17216,0.43,11450,4128,1611,27,"108Y2S"
64000,高雄市,64000250,湖內區,10970,0.38,7745,2342,862,21,"108Y2S"
64000,高雄市,64000260,茄萣區,10569,0.44,6865,2774,896,34,"108Y2S"
64000,高雄市,64000270,永安區,5742,0.31,4298,1124,307,13,"108Y2S"
64000,高雄市,64000280,彌陀區,6790,0.42,4485,1749,549,7,"108Y2S"
64000,高雄市,64000290,梓官區,12710,0.38,8809,3015,870,16,"108Y2S"
64000,高雄市,64000300,旗山區,13716,0.52,8012,4290,1375,39,"108Y2S"
64000,高雄市,64000310,美濃區,14805,0.63,7688,5016,2042,59,"108Y2S"
64000,高雄市,64000320,六龜區,5557,0.46,3422,1713,414,8,"108Y2S"
64000,高雄市,64000330,甲仙區,2279,0.50,1352,711,209,7,"108Y2S"
64000,高雄市,64000340,杉林區,4802,0.52,2784,1559,444,15,"108Y2S"
64000,高雄市,64000350,內門區,5122,0.58,2861,1597,644,20,"108Y2S"
64000,高雄市,64000360,茂林區,605,0.25,472,117,16,0,"108Y2S"
64000,高雄市,64000370,桃源區,1365,0.21,1111,221,33,0,"108Y2S"
64000,高雄市,64000380,那瑪夏區,839,0.26,645,168,25,1,"108Y2S"
10002,宜蘭縣,10002010,宜蘭市,36726,0.36,25812,8672,2189,53,"108Y2S"
10002,宜蘭縣,10002020,羅東鎮,26567,0.38,18464,6133,1910,60,"108Y2S"
10002,宜蘭縣,10002030,蘇澳鎮,14227,0.49,8714,4129,1348,36,"108Y2S"
10002,宜蘭縣,10002040,頭城鎮,10322,0.45,6454,3100,746,22,"108Y2S"
10002,宜蘭縣,10002050,礁溪鄉,14175,0.41,9345,3947,855,28,"108Y2S"
10002,宜蘭縣,10002060,壯圍鄉,8966,0.41,5843,2554,550,19,"108Y2S"
10002,宜蘭縣,10002070,員山鄉,11810,0.41,7718,3332,738,22,"108Y2S"
10002,宜蘭縣,10002080,冬山鄉,19494,0.40,13102,5050,1313,29,"108Y2S"
10002,宜蘭縣,10002090,五結鄉,15207,0.39,10492,3593,1092,30,"108Y2S"
10002,宜蘭縣,10002100,三星鄉,8683,0.45,5476,2570,611,26,"108Y2S"
10002,宜蘭縣,10002110,大同鄉,1948,0.27,1494,391,60,3,"108Y2S"
10002,宜蘭縣,10002120,南澳鄉,1983,0.25,1552,369,62,0,"108Y2S"
10004,新竹縣,10004010,竹北市,70702,0.19,59882,8070,2667,83,"108Y2S"
10004,新竹縣,10004040,關西鎮,9357,0.59,5120,3045,1128,64,"108Y2S"
10004,新竹縣,10004030,新埔鎮,10825,0.54,6327,3216,1230,52,"108Y2S"
10004,新竹縣,10004020,竹東鎮,34717,0.35,25253,6894,2495,75,"108Y2S"
10004,新竹縣,10004050,湖口鄉,27341,0.33,20207,5399,1696,39,"108Y2S"
10004,新竹縣,10004080,橫山鄉,4418,0.60,2363,1502,526,27,"108Y2S"
10004,新竹縣,10004060,新豐鄉,19034,0.31,14432,3438,1131,33,"108Y2S"
10004,新竹縣,10004070,芎林鄉,6684,0.48,4148,1859,662,15,"108Y2S"
10004,新竹縣,10004100,寶山鄉,5754,0.36,4122,1236,377,19,"108Y2S"
10004,新竹縣,10004090,北埔鄉,3136,0.59,1669,1115,338,14,"108Y2S"
10004,新竹縣,10004110,峨眉鄉,2077,0.66,1009,782,276,10,"108Y2S"
10004,新竹縣,10004120,尖石鄉,2899,0.26,2245,562,89,3,"108Y2S"
10004,新竹縣,10004130,五峰鄉,1770,0.27,1352,366,52,0,"108Y2S"
10005,苗栗縣,10005010,苗栗市,31715,0.44,20836,8032,2765,82,"108Y2S"
10005,苗栗縣,10005020,苑裡鎮,14816,0.45,9576,3803,1405,32,"108Y2S"
10005,苗栗縣,10005030,通霄鎮,11533,0.54,6683,3492,1330,28,"108Y2S"
10005,苗栗縣,10005040,竹南鎮,30291,0.31,22831,5605,1814,41,"108Y2S"
10005,苗栗縣,10005050,頭份市,35957,0.34,26399,7028,2475,55,"108Y2S"
10005,苗栗縣,10005060,後龍鎮,12020,0.50,7237,3552,1208,23,"108Y2S"
10005,苗栗縣,10005070,卓蘭鎮,5965,0.54,3445,1835,676,9,"108Y2S"
10005,苗栗縣,10005080,大湖鄉,5328,0.53,3042,1759,516,11,"108Y2S"
10005,苗栗縣,10005090,公館鄉,10713,0.49,6604,3044,1039,26,"108Y2S"
10005,苗栗縣,10005100,銅鑼鄉,6121,0.52,3632,1840,632,17,"108Y2S"
10005,苗栗縣,10005110,南庄鄉,3937,0.48,2380,1222,326,9,"108Y2S"
10005,苗栗縣,10005120,頭屋鄉,3643,0.53,2131,1109,382,21,"108Y2S"
10005,苗栗縣,10005130,三義鄉,5541,0.45,3564,1470,497,10,"108Y2S"
10005,苗栗縣,10005140,西湖鄉,2629,0.60,1389,900,333,7,"108Y2S"
10005,苗栗縣,10005150,造橋鄉,4133,0.51,2487,1187,441,18,"108Y2S"
10005,苗栗縣,10005160,三灣鄉,2370,0.57,1324,758,279,9,"108Y2S"
10005,苗栗縣,10005170,獅潭鄉,1716,0.64,877,600,226,13,"108Y2S"
10005,苗栗縣,10005180,泰安鄉,1988,0.37,1368,511,104,5,"108Y2S"
10007,彰化縣,10007010,彰化市,77094,0.41,52590,17741,6572,191,"108Y2S"
10007,彰化縣,10007020,鹿港鎮,24878,0.45,16423,5801,2581,73,"108Y2S"
10007,彰化縣,10007030,和美鎮,27136,0.40,18889,5826,2355,66,"108Y2S"
10007,彰化縣,10007190,北斗鎮,10831,0.44,7027,2822,965,17,"108Y2S"
10007,彰化縣,10007100,員林市,40144,0.42,27165,9350,3566,63,"108Y2S"
10007,彰化縣,10007110,溪湖鎮,16492,0.43,11086,3794,1571,41,"108Y2S"
10007,彰化縣,10007120,田中鎮,13268,0.52,8091,3736,1411,30,"108Y2S"
10007,彰化縣,10007200,二林鎮,15146,0.59,8552,4429,2071,94,"108Y2S"
10007,彰化縣,10007040,線西鄉,4460,0.49,2796,1139,508,17,"108Y2S"
10007,彰化縣,10007050,伸港鄉,10249,0.42,6967,2312,946,24,"108Y2S"
10007,彰化縣,10007060,福興鄉,13057,0.49,8200,3328,1482,47,"108Y2S"
10007,彰化縣,10007070,秀水鄉,10916,0.44,7300,2450,1137,29,"108Y2S"
10007,彰化縣,10007080,花壇鄉,14257,0.41,9728,3230,1275,24,"108Y2S"
10007,彰化縣,10007090,芬園鄉,6816,0.59,3738,2181,864,33,"108Y2S"
10007,彰化縣,10007130,大村鄉,11292,0.42,7578,2707,974,33,"108Y2S"
10007,彰化縣,10007140,埔鹽鄉,9150,0.59,5134,2670,1317,29,"108Y2S"
10007,彰化縣,10007150,埔心鄉,10837,0.43,7225,2561,1032,19,"108Y2S"
10007,彰化縣,10007160,永靖鄉,10949,0.49,6855,2898,1172,24,"108Y2S"
10007,彰化縣,10007170,社頭鄉,12988,0.47,8300,3239,1424,25,"108Y2S"
10007,彰化縣,10007180,二水鄉,5298,0.61,2773,1822,693,10,"108Y2S"
10007,彰化縣,10007210,田尾鄉,7996,0.52,4812,2238,923,23,"108Y2S"
10007,彰化縣,10007220,埤頭鄉,9123,0.56,5216,2724,1155,28,"108Y2S"
10007,彰化縣,10007230,芳苑鄉,10139,0.67,5091,3367,1601,80,"108Y2S"
10007,彰化縣,10007240,大城鄉,5221,0.75,2364,1863,951,43,"108Y2S"
10007,彰化縣,10007250,竹塘鄉,4592,0.68,2278,1534,750,30,"108Y2S"
10007,彰化縣,10007260,溪州鄉,9008,0.60,4900,2846,1232,30,"108Y2S"
10008,南投縣,10008010,南投市,35084,0.42,23353,8776,2892,63,"108Y2S"
10008,南投縣,10008020,埔里鎮,29019,0.43,18975,7639,2341,64,"108Y2S"
10008,南投縣,10008030,草屯鎮,33666,0.42,22454,8406,2747,59,"108Y2S"
10008,南投縣,10008040,竹山鎮,20146,0.47,12542,5794,1772,38,"108Y2S"
10008,南投縣,10008050,集集鎮,4257,0.51,2513,1331,405,8,"108Y2S"
10008,南投縣,10008060,名間鄉,12626,0.53,7414,3785,1399,28,"108Y2S"
10008,南投縣,10008070,鹿谷鄉,8074,0.46,5149,2184,731,10,"108Y2S"
10008,南投縣,10008080,中寮鄉,5596,0.55,3113,1915,554,14,"108Y2S"
10008,南投縣,10008090,魚池鄉,5765,0.54,3313,1833,605,14,"108Y2S"
10008,南投縣,10008100,國姓鄉,7253,0.48,4371,2279,593,10,"108Y2S"
10008,南投縣,10008110,水里鄉,7080,0.48,4263,2233,578,6,"108Y2S"
10008,南投縣,10008120,信義鄉,5271,0.32,3841,1158,268,4,"108Y2S"
10008,南投縣,10008130,仁愛鄉,4876,0.32,3532,1124,206,14,"108Y2S"
10009,雲林縣,10009010,斗六市,38788,0.36,27513,8606,2611,58,"108Y2S"
10009,雲林縣,10009020,斗南鎮,15942,0.45,10188,4352,1384,18,"108Y2S"
10009,雲林縣,10009030,虎尾鎮,25425,0.40,17473,5888,2019,45,"108Y2S"
10009,雲林縣,10009040,西螺鎮,14866,0.51,8882,4388,1563,33,"108Y2S"
10009,雲林縣,10009050,土庫鎮,9488,0.55,5465,2854,1142,27,"108Y2S"
10009,雲林縣,10009060,北港鎮,16032,0.44,10219,4583,1207,23,"108Y2S"
10009,雲林縣,10009070,古坑鄉,11118,0.55,6315,3484,1296,23,"108Y2S"
10009,雲林縣,10009080,大埤鄉,6625,0.56,3663,2231,708,23,"108Y2S"
10009,雲林縣,10009090,莿桐鄉,9357,0.52,5538,2816,981,22,"108Y2S"
10009,雲林縣,10009100,林內鄉,6021,0.51,3609,1779,620,13,"108Y2S"
10009,雲林縣,10009110,二崙鄉,8926,0.63,4601,3050,1251,24,"108Y2S"
10009,雲林縣,10009120,崙背鄉,8509,0.56,4751,2736,999,23,"108Y2S"
10009,雲林縣,10009130,麥寮鄉,14764,0.34,10696,3209,837,22,"108Y2S"
10009,雲林縣,10009140,東勢鄉,5699,0.54,3202,1901,588,8,"108Y2S"
10009,雲林縣,10009150,褒忠鄉,4424,0.56,2455,1461,501,7,"108Y2S"
10009,雲林縣,10009160,臺西鄉,8595,0.51,5010,2845,719,21,"108Y2S"
10009,雲林縣,10009170,元長鄉,9189,0.63,4669,3299,1186,35,"108Y2S"
10009,雲林縣,10009180,四湖鄉,8663,0.56,4767,2994,878,24,"108Y2S"
10009,雲林縣,10009190,口湖鄉,9373,0.52,5495,2878,972,28,"108Y2S"
10009,雲林縣,10009200,水林鄉,9766,0.60,5074,3519,1143,30,"108Y2S"
10010,嘉義縣,10010010,太保市,13364,0.35,9644,2749,952,19,"108Y2S"
10010,嘉義縣,10010020,朴子市,15792,0.45,10215,4088,1424,65,"108Y2S"
10010,嘉義縣,10010030,布袋鎮,9861,0.52,5819,3000,1013,29,"108Y2S"
10010,嘉義縣,10010040,大林鎮,11392,0.54,6618,3477,1260,37,"108Y2S"
10010,嘉義縣,10010050,民雄鄉,25259,0.40,17378,5743,2087,51,"108Y2S"
10010,嘉義縣,10010060,溪口鄉,5293,0.61,2749,1856,676,12,"108Y2S"
10010,嘉義縣,10010070,新港鄉,10719,0.57,6058,3227,1397,37,"108Y2S"
10010,嘉義縣,10010080,六腳鄉,8773,0.63,4428,3175,1133,37,"108Y2S"
10010,嘉義縣,10010090,東石鄉,9159,0.58,5065,2947,1121,26,"108Y2S"
10010,嘉義縣,10010100,義竹鄉,7280,0.59,3858,2563,832,27,"108Y2S"
10010,嘉義縣,10010110,鹿草鄉,5737,0.64,2888,2037,799,13,"108Y2S"
10010,嘉義縣,10010120,水上鄉,18247,0.43,12008,4700,1505,34,"108Y2S"
10010,嘉義縣,10010130,中埔鄉,16059,0.44,10502,4122,1390,45,"108Y2S"
10010,嘉義縣,10010140,竹崎鄉,11670,0.56,6695,3506,1440,29,"108Y2S"
10010,嘉義縣,10010150,梅山鄉,6746,0.61,3602,2191,925,28,"108Y2S"
10010,嘉義縣,10010160,番路鄉,4209,0.49,2561,1248,383,17,"108Y2S"
10010,嘉義縣,10010170,大埔鄉,1921,0.37,1340,465,108,8,"108Y2S"
10010,嘉義縣,10010180,阿里山鄉,1872,0.41,1256,472,139,5,"108Y2S"
10013,屏東縣,10013010,屏東市,74855,0.38,52103,17334,5304,114,"108Y2S"
10013,屏東縣,10013020,潮州鎮,19876,0.39,13627,4714,1491,44,"108Y2S"
10013,屏東縣,10013030,東港鎮,16908,0.37,11989,3675,1224,20,"108Y2S"
10013,屏東縣,10013040,恆春鎮,11756,0.35,8212,2952,575,17,"108Y2S"
10013,屏東縣,10013050,萬丹鄉,15316,0.48,9721,3899,1655,41,"108Y2S"
10013,屏東縣,10013060,長治鄉,10226,0.45,6637,2613,958,18,"108Y2S"
10013,屏東縣,10013070,麟洛鄉,3866,0.52,2327,1084,445,10,"108Y2S"
10013,屏東縣,10013080,九如鄉,7109,0.45,4608,1822,665,14,"108Y2S"
10013,屏東縣,10013090,里港鄉,8225,0.50,5036,2309,856,24,"108Y2S"
10013,屏東縣,10013100,鹽埔鄉,7881,0.50,4789,2237,843,12,"108Y2S"
10013,屏東縣,10013110,高樹鄉,9236,0.58,5031,3094,1087,24,"108Y2S"
10013,屏東縣,10013120,萬巒鄉,6517,0.56,3671,2055,760,31,"108Y2S"
10013,屏東縣,10013130,內埔鄉,18787,0.48,11741,5232,1775,39,"108Y2S"
10013,屏東縣,10013140,竹田鄉,5660,0.57,3157,1804,679,20,"108Y2S"
10013,屏東縣,10013150,新埤鄉,3438,0.56,1924,1102,399,13,"108Y2S"
10013,屏東縣,10013160,枋寮鄉,8585,0.51,5174,2502,892,17,"108Y2S"
10013,屏東縣,10013170,新園鄉,11850,0.45,7633,3081,1116,20,"108Y2S"
10013,屏東縣,10013180,崁頂鄉,4516,0.47,2851,1224,429,12,"108Y2S"
10013,屏東縣,10013190,林邊鄉,6693,0.51,4047,1883,747,16,"108Y2S"
10013,屏東縣,10013200,南州鄉,3725,0.56,2123,1115,476,11,"108Y2S"
10013,屏東縣,10013210,佳冬鄉,6964,0.54,4044,2126,778,16,"108Y2S"
10013,屏東縣,10013220,琉球鄉,4568,0.39,3201,973,386,8,"108Y2S"
10013,屏東縣,10013230,車城鄉,3468,0.49,2061,1136,259,12,"108Y2S"
10013,屏東縣,10013240,滿州鄉,3026,0.43,1924,906,191,5,"108Y2S"
10013,屏東縣,10013250,枋山鄉,2076,0.44,1312,613,148,3,"108Y2S"
10013,屏東縣,10013260,三地門鄉,2330,0.33,1664,561,102,3,"108Y2S"
10013,屏東縣,10013270,霧臺鄉,1050,0.42,688,287,74,1,"108Y2S"
10013,屏東縣,10013280,瑪家鄉,2055,0.34,1474,477,100,4,"108Y2S"
10013,屏東縣,10013290,泰武鄉,1379,0.35,979,323,72,5,"108Y2S"
10013,屏東縣,10013300,來義鄉,2235,0.34,1604,516,112,3,"108Y2S"
10013,屏東縣,10013310,春日鄉,1419,0.36,985,361,72,1,"108Y2S"
10013,屏東縣,10013320,獅子鄉,1580,0.33,1137,374,66,3,"108Y2S"
10013,屏東縣,10013330,牡丹鄉,1944,0.31,1418,452,73,1,"108Y2S"
10014,臺東縣,10014010,臺東市,39991,0.37,28053,9465,2399,74,"108Y2S"
10014,臺東縣,10014020,成功鎮,5375,0.48,3264,1659,442,10,"108Y2S"
10014,臺東縣,10014030,關山鎮,3189,0.50,1914,965,303,7,"108Y2S"
10014,臺東縣,10014040,卑南鄉,6761,0.41,4453,1880,416,12,"108Y2S"
10014,臺東縣,10014100,大武鄉,2451,0.34,1733,614,98,6,"108Y2S"
10014,臺東縣,10014090,太麻里鄉,4734,0.41,3111,1311,306,6,"108Y2S"
10014,臺東縣,10014070,東河鄉,3770,0.47,2274,1222,265,9,"108Y2S"
10014,臺東縣,10014080,長濱鄉,2894,0.55,1584,1038,266,6,"108Y2S"
10014,臺東縣,10014050,鹿野鄉,3030,0.49,1798,975,253,4,"108Y2S"
10014,臺東縣,10014060,池上鄉,3181,0.52,1860,1011,303,7,"108Y2S"
10014,臺東縣,10014110,綠島鄉,1174,0.36,858,228,75,13,"108Y2S"
10014,臺東縣,10014130,延平鄉,1067,0.26,816,223,27,1,"108Y2S"
10014,臺東縣,10014120,海端鄉,1086,0.27,812,252,21,1,"108Y2S"
10014,臺東縣,10014150,達仁鄉,1435,0.28,1075,322,38,0,"108Y2S"
10014,臺東縣,10014140,金峰鄉,1156,0.28,873,246,37,0,"108Y2S"
10014,臺東縣,10014160,蘭嶼鄉,1874,0.18,1567,270,37,0,"108Y2S"
10015,花蓮縣,10015010,花蓮市,41509,0.35,29966,9080,2391,72,"108Y2S"
10015,花蓮縣,10015020,鳳林鎮,4374,0.57,2370,1528,463,13,"108Y2S"
10015,花蓮縣,10015030,玉里鎮,8863,0.51,5377,2753,704,29,"108Y2S"
10015,花蓮縣,10015040,新城鄉,7800,0.33,5641,1796,356,7,"108Y2S"
10015,花蓮縣,10015050,吉安鄉,32375,0.34,23284,7134,1915,42,"108Y2S"
10015,花蓮縣,10015060,壽豐鄉,7295,0.44,4633,2151,494,17,"108Y2S"
10015,花蓮縣,10015070,光復鄉,5002,0.52,2879,1655,444,24,"108Y2S"
10015,花蓮縣,10015080,豐濱鄉,1714,0.50,1004,566,135,9,"108Y2S"
10015,花蓮縣,10015090,瑞穗鄉,4759,0.49,2806,1592,348,13,"108Y2S"
10015,花蓮縣,10015100,富里鄉,4040,0.55,2275,1352,402,11,"108Y2S"
10015,花蓮縣,10015110,秀林鄉,4854,0.26,3776,921,151,6,"108Y2S"
10015,花蓮縣,10015120,萬榮鄉,2113,0.24,1667,384,60,2,"108Y2S"
10015,花蓮縣,10015130,卓溪鄉,1703,0.31,1244,393,64,2,"108Y2S"
10016,澎湖縣,10016010,馬公市,25024,0.33,18514,4739,1719,52,"108Y2S"
10016,澎湖縣,10016020,湖西鄉,5951,0.41,4062,1383,480,26,"108Y2S"
10016,澎湖縣,10016030,白沙鄉,3483,0.47,2209,921,337,16,"108Y2S"
10016,澎湖縣,10016040,西嶼鄉,3044,0.54,1794,882,354,14,"108Y2S"
10016,澎湖縣,10016050,望安鄉,2066,0.47,1331,521,193,21,"108Y2S"
10016,澎湖縣,10016060,七美鄉,1386,0.44,920,334,123,9,"108Y2S"
10017,基隆市,10017010,中正區,22658,0.37,15666,5658,1304,30,"108Y2S"
10017,基隆市,10017020,七堵區,21655,0.34,15538,4945,1142,30,"108Y2S"
10017,基隆市,10017030,暖暖區,15828,0.30,11872,3231,711,14,"108Y2S"
10017,基隆市,10017040,仁愛區,19052,0.41,12507,5300,1203,42,"108Y2S"
10017,基隆市,10017050,中山區,19216,0.38,13244,4770,1169,33,"108Y2S"
10017,基隆市,10017060,安樂區,33828,0.32,24949,7083,1764,32,"108Y2S"
10017,基隆市,10017070,信義區,21856,0.35,15501,5032,1279,44,"108Y2S"
09020,金門縣,09020010,金城鎮,13055,0.40,9246,2641,1005,163,"108Y2S"
09020,金門縣,09020030,金湖鎮,9201,0.37,6713,1722,659,107,"108Y2S"
09020,金門縣,09020020,金沙鎮,6389,0.44,4264,1523,513,89,"108Y2S"
09020,金門縣,09020040,金寧鄉,9062,0.36,6639,1719,607,97,"108Y2S"
09020,金門縣,09020050,烈嶼鄉,3189,0.54,2002,754,366,67,"108Y2S"
09020,金門縣,09020060,烏坵鄉,135,0.47,88,33,13,1,"108Y2S"
09007,連江縣,09007010,南竿鄉,1799,0.41,1244,399,131,25,"108Y2S"
09007,連江縣,09007020,北竿鄉,701,0.43,472,168,52,9,"108Y2S"
09007,連江縣,09007030,莒光鄉,306,0.66,169,88,35,14,"108Y2S"
09007,連江縣,09007040,東引鄉,345,0.30,258,71,16,0,"108Y2S"
